{"orange": {"avg": 12.391513719728309, "min": 12.196788722848714, "max": 12.586238716607903, "akt": 12.586238716607903, "cnt": 2}, "black": {"avg": 11.877861170652741, "min": 11.74938971705536, "max": 12.006332624250122, "akt": 11.74938971705536, "cnt": 2}, "red": {"avg": 15.470225347558598, "min": 15.470225347558598, "max": 15.470225347558598, "akt": 15.470225347558598, "cnt": 1}, "green": {"avg": 14.5182259111007, "min": 14.51658817790262, "max": 14.519863644298782, "akt": 14.51658817790262, "cnt": 2}, "pink": {"avg": 17.418968144290897, "min": 17.100621707367235, "max": 17.73731458121456, "akt": 17.73731458121456, "cnt": 2}, "blue": {"avg": 12.232230244034419, "min": 12.070587511907357, "max": 12.393872976161482, "akt": 12.070587511907357, "cnt": 2}, "yellow": {"avg": 16.689647491162187, "min": 16.49099870278653, "max": 16.888296279537844, "akt": 16.49099870278653, "cnt": 2}}
