{"red": {"avg": 13.593814661540236, "min": 12.939696120907488, "max": 14.159226181096825, "akt": 13.96000307728466, "cnt": 21}, "yellow": {"avg": 8.717024030729014, "min": -11.198803647909134, "max": 10.172127563326303, "akt": 9.49563678200424, "cnt": 22}, "blue": {"avg": 9.475710679991277, "min": -9.86760861427508, "max": 10.86990562348651, "akt": 10.833737161737767, "cnt": 25}, "black": {"avg": 10.645929199620086, "min": 9.872172571705649, "max": 11.288979547850474, "akt": 10.51122740210837, "cnt": 22}, "orange": {"avg": 8.460711253434582, "min": 7.911069914808309, "max": 9.049329749399153, "akt": 8.675938963379803, "cnt": 24}, "green": {"avg": 14.103772187057158, "min": 12.412062569689844, "max": 33.02957849203567, "akt": 13.893716019179369, "cnt": 23}, "pink": {"avg": 12.846405316664034, "min": 12.048918347647238, "max": 13.368936281177042, "akt": 13.368936281177042, "cnt": 24}}
