{"red": {"avg": 14.550986022909122, "min": 14.530522320133306, "max": 14.57144972568494, "akt": 14.57144972568494, "cnt": 2}, "green": {"avg": 16.294935345438716, "min": 15.621265659476117, "max": 16.968605031401314, "akt": 16.968605031401314, "cnt": 2}, "blue": {"avg": 17.10772122612074, "min": 17.00623839123779, "max": 17.209204061003692, "akt": 17.209204061003692, "cnt": 2}, "black": {"avg": 15.1303691008067, "min": 14.525852248338648, "max": 15.73488595327475, "akt": 15.73488595327475, "cnt": 2}, "pink": {"avg": 17.054581133280394, "min": 16.72425284478628, "max": 17.384909421774505, "akt": 17.384909421774505, "cnt": 2}, "yellow": {"avg": 12.853379802955034, "min": 12.276159435177053, "max": 13.430600170733015, "akt": 13.430600170733015, "cnt": 2}, "orange": {"avg": 12.521883236268982, "min": 11.960451848184652, "max": 13.083314624353312, "akt": 13.083314624353312, "cnt": 2}}
