{"black": {"avg": 11.652446925215417, "min": -15.6790001045585, "max": 40.72097110789171, "akt": 10.55991979221886, "cnt": 980}, "pink": {"avg": 11.845791381283451, "min": -14.387299134624786, "max": 38.32377840677253, "akt": 13.206302416976525, "cnt": 980}, "yellow": {"avg": 9.872642430373187, "min": -18.434979023787246, "max": 42.81967734497461, "akt": 9.134992870618893, "cnt": 993}, "red": {"avg": 11.55394003602357, "min": -14.231285715813293, "max": 42.89636361130721, "akt": 10.609897382085926, "cnt": 970}, "blue": {"avg": 12.467601100546394, "min": -14.209759623402697, "max": 40.45221093638072, "akt": 12.97939617994437, "cnt": 999}, "green": {"avg": 11.742945903593574, "min": -13.043233860902301, "max": 31.721047332693256, "akt": 11.777562749398506, "cnt": 997}, "orange": {"avg": 9.859521648314628, "min": -14.736068475986276, "max": 39.17788190805398, "akt": 8.333623719639938, "cnt": 988}}
