{"black": {"avg": 11.36113925366123, "min": -15.6790001045585, "max": 40.72097110789171, "akt": 10.55991979221886, "cnt": 2922}, "pink": {"avg": 12.62645536369826, "min": -14.387299134624786, "max": 40.91754577997832, "akt": 13.206302416976525, "cnt": 2916}, "yellow": {"avg": 12.84050553693888, "min": -18.434979023787246, "max": 42.81967734497461, "akt": 9.134992870618893, "cnt": 2944}, "red": {"avg": 12.262313201247176, "min": -14.231285715813293, "max": 42.89636361130721, "akt": 10.609897382085926, "cnt": 2888}, "blue": {"avg": 11.50650757517383, "min": -14.209759623402697, "max": 40.45221093638072, "akt": 12.97939617994437, "cnt": 2932}, "green": {"avg": 11.436794093093422, "min": -16.234843419534897, "max": 37.59891484655216, "akt": 11.777562749398506, "cnt": 2936}, "orange": {"avg": 12.188293392638787, "min": -14.736068475986276, "max": 39.17788190805398, "akt": 8.333623719639938, "cnt": 2934}}
