{"black": {"avg": 9.988204553618228, "min": -20.07938248241098, "max": 40.72097110789171, "akt": 10.55991979221886, "cnt": 5316}, "pink": {"avg": 13.180594874925102, "min": -14.387299134624786, "max": 40.91754577997832, "akt": 13.206302416976525, "cnt": 5320}, "yellow": {"avg": 12.801867851056539, "min": -18.434979023787246, "max": 42.81967734497461, "akt": 9.134992870618893, "cnt": 5321}, "red": {"avg": 11.949150993536524, "min": -16.832134744268185, "max": 42.89636361130721, "akt": 10.609897382085926, "cnt": 5278}, "blue": {"avg": 10.295158312844519, "min": -14.65392060719288, "max": 40.45221093638072, "akt": 12.97939617994437, "cnt": 5313}, "green": {"avg": 11.323236870234922, "min": -16.234843419534897, "max": 37.59891484655216, "akt": 11.777562749398506, "cnt": 5322}, "orange": {"avg": 10.687555942555385, "min": -17.973382979259313, "max": 39.17788190805398, "akt": 8.333623719639938, "cnt": 5347}}
