{"black": {"avg": 10.86431689616234, "min": -15.6790001045585, "max": 40.72097110789171, "akt": 10.55991979221886, "cnt": 4244}, "pink": {"avg": 13.459060124330387, "min": -14.387299134624786, "max": 40.91754577997832, "akt": 13.206302416976525, "cnt": 4249}, "yellow": {"avg": 13.26358453020329, "min": -18.434979023787246, "max": 42.81967734497461, "akt": 9.134992870618893, "cnt": 4262}, "red": {"avg": 12.465477502454167, "min": -14.231285715813293, "max": 42.89636361130721, "akt": 10.609897382085926, "cnt": 4219}, "blue": {"avg": 11.082058021532381, "min": -14.209759623402697, "max": 40.45221093638072, "akt": 12.97939617994437, "cnt": 4253}, "green": {"avg": 11.777090173503405, "min": -16.234843419534897, "max": 37.59891484655216, "akt": 11.777562749398506, "cnt": 4267}, "orange": {"avg": 11.602044769518445, "min": -14.736068475986276, "max": 39.17788190805398, "akt": 8.333623719639938, "cnt": 4282}}
