{"black": {"avg": 11.76718348079115, "min": -15.6790001045585, "max": 40.72097110789171, "akt": 10.55991979221886, "cnt": 1704}, "pink": {"avg": 11.650349788914507, "min": -14.387299134624786, "max": 38.32377840677253, "akt": 13.206302416976525, "cnt": 1701}, "yellow": {"avg": 11.631312441924901, "min": -18.434979023787246, "max": 42.81967734497461, "akt": 9.134992870618893, "cnt": 1724}, "red": {"avg": 11.793516781350672, "min": -14.231285715813293, "max": 42.89636361130721, "akt": 10.609897382085926, "cnt": 1675}, "blue": {"avg": 12.023151577199952, "min": -14.209759623402697, "max": 40.45221093638072, "akt": 12.97939617994437, "cnt": 1715}, "green": {"avg": 11.190465394441608, "min": -13.655168512000083, "max": 37.42550557885892, "akt": 11.777562749398506, "cnt": 1708}, "orange": {"avg": 11.900284480378135, "min": -14.736068475986276, "max": 39.17788190805398, "akt": 8.333623719639938, "cnt": 1706}}
