{"black": {"avg": 9.495926386261061, "min": 7.633538758895951, "max": 11.224044012510717, "akt": 10.55991979221886, "cnt": 86}, "pink": {"avg": 11.96132863321821, "min": -8.671992816816315, "max": 31.366215425222105, "akt": 13.206302416976525, "cnt": 94}, "yellow": {"avg": 7.831882219330786, "min": 5.38997374930762, "max": 28.577705031909854, "akt": 9.134992870618893, "cnt": 95}, "red": {"avg": 8.779939376998698, "min": 6.828326272436568, "max": 10.640029701764808, "akt": 10.609897382085926, "cnt": 91}, "blue": {"avg": 12.117947323229005, "min": 9.340829626061435, "max": 32.66144769477913, "akt": 12.97939617994437, "cnt": 88}, "green": {"avg": 10.653063922917953, "min": -7.718465825797473, "max": 12.651997963479898, "akt": 11.777562749398506, "cnt": 94}, "orange": {"avg": 6.505751172960385, "min": -14.493187220301085, "max": 8.52603593241092, "akt": 8.333623719639938, "cnt": 91}}
